,Term,Makanan,Olahraga,Perjalanan,Label
0,wuaini,0.0030181086519114686,0.0011494252873563218,0.0009689922480620155,Makanan
1,nih,0.005030181086519115,0.0034482758620689655,0.0029069767441860465,Makanan
2,menu,0.0030181086519114686,0.0011494252873563218,0.0009689922480620155,Makanan
3,favorit,0.0030181086519114686,0.0011494252873563218,0.0009689922480620155,Makanan
4,mimin,0.0030181086519114686,0.0011494252873563218,0.0009689922480620155,Makanan
5,terangboelan,0.005030181086519115,0.0011494252873563218,0.0009689922480620155,Makanan
6,terang,0.0030181086519114686,0.0011494252873563218,0.0009689922480620155,Makanan
7,redvelvet,0.0030181086519114686,0.0011494252873563218,0.0009689922480620155,Makanan
8,pakai,0.0030181086519114686,0.0011494252873563218,0.0009689922480620155,Makanan
9,toping,0.005030181086519115,0.0011494252873563218,0.0009689922480620155,Makanan
10,cream,0.005030181086519115,0.0011494252873563218,0.0009689922480620155,Makanan
11,chese,0.005030181086519115,0.0011494252873563218,0.0009689922480620155,Makanan
12,plus,0.005030181086519115,0.0011494252873563218,0.0009689922480620155,Makanan
13,oreo,0.0030181086519114686,0.0011494252873563218,0.0009689922480620155,Makanan
14,gurih,0.007042253521126761,0.0011494252873563218,0.0009689922480620155,Makanan
15,manis,0.0030181086519114686,0.0011494252873563218,0.0009689922480620155,Makanan
16,asem,0.0030181086519114686,0.0011494252873563218,0.0009689922480620155,Makanan
17,kecut,0.0030181086519114686,0.0011494252873563218,0.0009689922480620155,Makanan
18,dikit,0.0030181086519114686,0.0011494252873563218,0.0009689922480620155,Makanan
19,ena,0.0030181086519114686,0.0011494252873563218,0.0009689922480620155,Makanan
20,pol,0.005030181086519115,0.0011494252873563218,0.0009689922480620155,Makanan
21,pokok,0.0030181086519114686,0.0011494252873563218,0.0009689922480620155,Makanan
22,oiya,0.0030181086519114686,0.0011494252873563218,0.0009689922480620155,Makanan
23,lupa,0.0030181086519114686,0.0011494252873563218,0.0009689922480620155,Makanan
24,promo,0.0030181086519114686,0.0011494252873563218,0.0009689922480620155,Makanan
25,buy,0.0030181086519114686,0.0011494252873563218,0.0009689922480620155,Makanan
26,get,0.0030181086519114686,0.0011494252873563218,0.0009689922480620155,Makanan
27,fre,0.0030181086519114686,0.0011494252873563218,0.0009689922480620155,Makanan
28,beli,0.005030181086519115,0.0011494252873563218,0.0009689922480620155,Makanan
29,tipker,0.005030181086519115,0.0011494252873563218,0.0009689922480620155,Makanan
30,dapet,0.0030181086519114686,0.0011494252873563218,0.0009689922480620155,Makanan
31,meises,0.0030181086519114686,0.0011494252873563218,0.0009689922480620155,Makanan
32,gratis,0.0030181086519114686,0.0011494252873563218,0.0009689922480620155,Makanan
33,pusat,0.0030181086519114686,0.0011494252873563218,0.0009689922480620155,Makanan
34,bangjo,0.0030181086519114686,0.0011494252873563218,0.0009689922480620155,Makanan
35,novotel,0.0030181086519114686,0.0011494252873563218,0.0009689922480620155,Makanan
36,slamet,0.005030181086519115,0.0011494252873563218,0.0009689922480620155,Makanan
37,riyadi,0.005030181086519115,0.0011494252873563218,0.0009689922480620155,Makanan
38,timur,0.0030181086519114686,0.0011494252873563218,0.0009689922480620155,Makanan
39,kiri,0.0030181086519114686,0.0011494252873563218,0.0009689922480620155,Makanan
40,jalan,0.0030181086519114686,0.0011494252873563218,0.022286821705426358,Perjalanan
41,gendut,0.005030181086519115,0.0011494252873563218,0.0009689922480620155,Makanan
42,soba,0.0030181086519114686,0.0011494252873563218,0.0009689922480620155,Makanan
43,limolasan,0.0030181086519114686,0.0011494252873563218,0.0009689922480620155,Makanan
44,solofodgram,0.0030181086519114686,0.0011494252873563218,0.0009689922480620155,Makanan
45,makan,0.029175050301810865,0.0011494252873563218,0.0009689922480620155,Makanan
46,sarap,0.0030181086519114686,0.0011494252873563218,0.0009689922480620155,Makanan
47,pagi,0.0030181086519114686,0.0034482758620689655,0.0009689922480620155,Olahraga
48,alhamdulilah,0.0030181086519114686,0.0011494252873563218,0.0009689922480620155,Makanan
49,ya,0.007042253521126761,0.0011494252873563218,0.0009689922480620155,Makanan
50,ga,0.005030181086519115,0.0011494252873563218,0.0009689922480620155,Makanan
51,bikin,0.005030181086519115,0.0011494252873563218,0.0029069767441860465,Makanan
52,apa,0.0030181086519114686,0.0011494252873563218,0.0009689922480620155,Makanan
53,apel,0.005030181086519115,0.0011494252873563218,0.0009689922480620155,Makanan
54,minum,0.0030181086519114686,0.0011494252873563218,0.0009689922480620155,Makanan
55,wedang,0.0030181086519114686,0.0011494252873563218,0.0009689922480620155,Makanan
56,ultimate,0.0030181086519114686,0.0011494252873563218,0.0009689922480620155,Makanan
57,reda,0.0030181086519114686,0.0011494252873563218,0.0009689922480620155,Makanan
58,nyeri,0.0030181086519114686,0.0011494252873563218,0.0009689922480620155,Makanan
59,bulan,0.0030181086519114686,0.0011494252873563218,0.0009689922480620155,Makanan
60,miya,0.0030181086519114686,0.0011494252873563218,0.0009689922480620155,Makanan
61,cahaya,0.0030181086519114686,0.0011494252873563218,0.0009689922480620155,Makanan
62,sarapanbuah,0.0030181086519114686,0.0011494252873563218,0.0009689922480620155,Makanan
63,dietkenyang,0.0030181086519114686,0.0011494252873563218,0.0009689922480620155,Makanan
64,cleaneating,0.0030181086519114686,0.0011494252873563218,0.0009689922480620155,Makanan
65,dietsehat,0.0030181086519114686,0.0011494252873563218,0.0009689922480620155,Makanan
66,dietenak,0.0030181086519114686,0.0011494252873563218,0.0009689922480620155,Makanan
67,realfod,0.0030181086519114686,0.0011494252873563218,0.0009689922480620155,Makanan
68,stok,0.0030181086519114686,0.0011494252873563218,0.0009689922480620155,Makanan
69,kue,0.0030181086519114686,0.0011494252873563218,0.0009689922480620155,Makanan
70,balok,0.0030181086519114686,0.0011494252873563218,0.0009689922480620155,Makanan
71,cemilan,0.005030181086519115,0.0011494252873563218,0.0009689922480620155,Makanan
72,sore,0.009054325955734407,0.0011494252873563218,0.0009689922480620155,Makanan
73,koda,0.0030181086519114686,0.0011494252873563218,0.0029069767441860465,Makanan
74,banget,0.005030181086519115,0.0011494252873563218,0.0009689922480620155,Makanan
75,kalo,0.0030181086519114686,0.0034482758620689655,0.0009689922480620155,Olahraga
76,mateng,0.0030181086519114686,0.0011494252873563218,0.0009689922480620155,Makanan
77,gin,0.007042253521126761,0.0011494252873563218,0.0009689922480620155,Makanan
78,kemecer,0.005030181086519115,0.0011494252873563218,0.0009689922480620155,Makanan
79,sop,0.007042253521126761,0.0011494252873563218,0.0009689922480620155,Makanan
80,buah,0.011066398390342052,0.0011494252873563218,0.0009689922480620155,Makanan
81,cirebon,0.005030181086519115,0.0011494252873563218,0.0009689922480620155,Makanan
82,sweger,0.0030181086519114686,0.0011494252873563218,0.0009689922480620155,Makanan
83,isi,0.0030181086519114686,0.0011494252873563218,0.0009689922480620155,Makanan
84,komplit,0.0030181086519114686,0.0011494252873563218,0.0009689922480620155,Makanan
85,bener,0.0030181086519114686,0.0011494252873563218,0.0009689922480620155,Makanan
86,naga,0.0030181086519114686,0.0011494252873563218,0.0009689922480620155,Makanan
87,alpukat,0.0030181086519114686,0.0011494252873563218,0.0009689922480620155,Makanan
88,melon,0.005030181086519115,0.0011494252873563218,0.0009689922480620155,Makanan
89,jambu,0.0030181086519114686,0.0011494252873563218,0.0009689922480620155,Makanan
90,biji,0.0030181086519114686,0.0011494252873563218,0.0009689922480620155,Makanan
91,angur,0.0030181086519114686,0.0011494252873563218,0.0009689922480620155,Makanan
92,jely,0.0030181086519114686,0.0011494252873563218,0.0009689922480620155,Makanan
93,kasih,0.0030181086519114686,0.0011494252873563218,0.0029069767441860465,Makanan
94,sirup,0.0030181086519114686,0.0011494252873563218,0.0009689922480620155,Makanan
95,susu,0.0030181086519114686,0.0011494252873563218,0.0009689922480620155,Makanan
96,es,0.007042253521126761,0.0011494252873563218,0.0009689922480620155,Makanan
97,batu,0.0030181086519114686,0.0034482758620689655,0.0009689922480620155,Olahraga
98,ouch,0.0030181086519114686,0.0011494252873563218,0.0009689922480620155,Makanan
99,segar,0.0030181086519114686,0.0011494252873563218,0.0029069767441860465,Makanan
100,idham,0.0030181086519114686,0.0011494252873563218,0.0009689922480620155,Makanan
101,kholid,0.0030181086519114686,0.0011494252873563218,0.0009689922480620155,Makanan
102,jl,0.0030181086519114686,0.0011494252873563218,0.0009689922480620155,Makanan
103,kartasura,0.0030181086519114686,0.0011494252873563218,0.0009689922480620155,Makanan
104,tuh,0.005030181086519115,0.0011494252873563218,0.0009689922480620155,Makanan
105,khas,0.0030181086519114686,0.0011494252873563218,0.0009689922480620155,Makanan
106,padang,0.0030181086519114686,0.0011494252873563218,0.0029069767441860465,Makanan
107,lamang,0.005030181086519115,0.0011494252873563218,0.0009689922480620155,Makanan
108,tapai,0.005030181086519115,0.0011494252873563218,0.0009689922480620155,Makanan
109,lopis,0.0030181086519114686,0.0011494252873563218,0.0009689922480620155,Makanan
110,blm,0.0030181086519114686,0.0011494252873563218,0.0009689922480620155,Makanan
111,nyobain,0.0030181086519114686,0.0011494252873563218,0.0009689922480620155,Makanan
112,enak,0.0030181086519114686,0.0011494252873563218,0.0009689922480620155,Makanan
113,bahanya,0.0030181086519114686,0.0011494252873563218,0.0009689922480620155,Makanan
114,beras,0.0030181086519114686,0.0011494252873563218,0.0009689922480620155,Makanan
115,ketan,0.007042253521126761,0.0011494252873563218,0.0009689922480620155,Makanan
116,gitu,0.0030181086519114686,0.0011494252873563218,0.0009689922480620155,Makanan
117,atas,0.0030181086519114686,0.0011494252873563218,0.0029069767441860465,Makanan
118,pake,0.005030181086519115,0.0011494252873563218,0.0009689922480620155,Makanan
119,hitam,0.0030181086519114686,0.0011494252873563218,0.0009689922480620155,Makanan
120,siram,0.0030181086519114686,0.0011494252873563218,0.0009689922480620155,Makanan
121,kuah,0.0030181086519114686,0.0011494252873563218,0.0009689922480620155,Makanan
122,lamangtapaiajominang,0.0030181086519114686,0.0011494252873563218,0.0009689922480620155,Makanan
123,lamangtapai,0.0030181086519114686,0.0011494252873563218,0.0009689922480620155,Makanan
124,dkb,0.0030181086519114686,0.0011494252873563218,0.0009689922480620155,Makanan
125,indonesianfod,0.0030181086519114686,0.0011494252873563218,0.0009689922480620155,Makanan
126,siang,0.0030181086519114686,0.0011494252873563218,0.0009689922480620155,Makanan
127,babat,0.0030181086519114686,0.0011494252873563218,0.0009689922480620155,Makanan
128,gongso,0.0030181086519114686,0.0011494252873563218,0.0009689922480620155,Makanan
129,nasi,0.0030181086519114686,0.0011494252873563218,0.0009689922480620155,Makanan
130,anget,0.0030181086519114686,0.0011494252873563218,0.0009689922480620155,Makanan
131,emang,0.0030181086519114686,0.0011494252873563218,0.0009689922480620155,Makanan
132,juarak,0.0030181086519114686,0.0011494252873563218,0.0009689922480620155,Makanan
133,getuk,0.0030181086519114686,0.0011494252873563218,0.0009689922480620155,Makanan
134,sele,0.0030181086519114686,0.0011494252873563218,0.0009689922480620155,Makanan
135,nagih,0.0030181086519114686,0.0011494252873563218,0.0009689922480620155,Makanan
136,nanas,0.0030181086519114686,0.0011494252873563218,0.0009689922480620155,Makanan
137,coklat,0.007042253521126761,0.0011494252873563218,0.0009689922480620155,Makanan
138,mentega,0.0030181086519114686,0.0011494252873563218,0.0009689922480620155,Makanan
139,bluebery,0.0030181086519114686,0.0011494252873563218,0.0009689922480620155,Makanan
140,strawbery,0.0030181086519114686,0.0011494252873563218,0.0009689922480620155,Makanan
141,getuksale,0.0030181086519114686,0.0011494252873563218,0.0009689922480620155,Makanan
142,getuksele,0.0030181086519114686,0.0011494252873563218,0.0009689922480620155,Makanan
143,bakso,0.009054325955734407,0.0011494252873563218,0.0009689922480620155,Makanan
144,mozarela,0.0030181086519114686,0.0011494252873563218,0.0009689922480620155,Makanan
145,cincang,0.0030181086519114686,0.0011494252873563218,0.0009689922480620155,Makanan
146,pedas,0.0030181086519114686,0.0011494252873563218,0.0009689922480620155,Makanan
147,urat,0.0030181086519114686,0.0011494252873563218,0.0009689922480620155,Makanan
148,mh,0.0030181086519114686,0.0011494252873563218,0.0009689922480620155,Makanan
149,bayang,0.0030181086519114686,0.0011494252873563218,0.0029069767441860465,Makanan
150,gimana,0.0030181086519114686,0.0011494252873563218,0.0009689922480620155,Makanan
151,nikmat,0.0030181086519114686,0.0011494252873563218,0.0048449612403100775,Perjalanan
152,tambah,0.005030181086519115,0.0011494252873563218,0.0009689922480620155,Makanan
153,cincau,0.0030181086519114686,0.0011494252873563218,0.0009689922480620155,Makanan
154,milk,0.0030181086519114686,0.0011494252873563218,0.0009689922480620155,Makanan
155,tea,0.0030181086519114686,0.0011494252873563218,0.0009689922480620155,Makanan
156,mantep,0.0030181086519114686,0.0011494252873563218,0.0009689922480620155,Makanan
157,pasti,0.0030181086519114686,0.0011494252873563218,0.0009689922480620155,Makanan
158,musim,0.0030181086519114686,0.0011494252873563218,0.0029069767441860465,Makanan
159,hujan,0.0030181086519114686,0.0011494252873563218,0.0009689922480620155,Makanan
160,bareng,0.0030181086519114686,0.0011494252873563218,0.0009689922480620155,Makanan
161,orang,0.0030181086519114686,0.0011494252873563218,0.0009689922480620155,Makanan
162,sayang,0.0030181086519114686,0.0034482758620689655,0.0009689922480620155,Olahraga
163,crepesnya,0.0030181086519114686,0.0011494252873563218,0.0009689922480620155,Makanan
164,guede,0.0030181086519114686,0.0011494252873563218,0.0009689922480620155,Makanan
165,pisang,0.005030181086519115,0.0011494252873563218,0.0009689922480620155,Makanan
166,crepes,0.007042253521126761,0.0011494252873563218,0.0009689922480620155,Makanan
167,sabar,0.0030181086519114686,0.0011494252873563218,0.0009689922480620155,Makanan
168,antri,0.0030181086519114686,0.0011494252873563218,0.0009689922480620155,Makanan
169,mr,0.0030181086519114686,0.0011494252873563218,0.0009689922480620155,Makanan
170,mangkal,0.0030181086519114686,0.0011494252873563218,0.0009689922480620155,Makanan
171,samping,0.0030181086519114686,0.0011494252873563218,0.0009689922480620155,Makanan
172,sma,0.0030181086519114686,0.0011494252873563218,0.0009689922480620155,Makanan
173,batik,0.0030181086519114686,0.0011494252873563218,0.0009689922480620155,Makanan
174,sd,0.0030181086519114686,0.0011494252873563218,0.0009689922480620155,Makanan
175,kleco,0.0030181086519114686,0.0011494252873563218,0.0009689922480620155,Makanan
176,jam,0.0030181086519114686,0.0011494252873563218,0.0009689922480620155,Makanan
177,sekolah,0.0030181086519114686,0.0011494252873563218,0.0009689922480620155,Makanan
178,lapang,0.0030181086519114686,0.0011494252873563218,0.0009689922480620155,Makanan
179,karangasem,0.0030181086519114686,0.0011494252873563218,0.0009689922480620155,Makanan
180,k,0.0030181086519114686,0.0011494252873563218,0.0009689922480620155,Makanan
181,mrcrepes,0.0030181086519114686,0.0011494252873563218,0.0009689922480620155,Makanan
182,crepesmurah,0.0030181086519114686,0.0011494252873563218,0.0009689922480620155,Makanan
183,cari,0.0030181086519114686,0.0011494252873563218,0.0009689922480620155,Makanan
184,pangsit,0.0030181086519114686,0.0011494252873563218,0.0009689922480620155,Makanan
185,mantul,0.0030181086519114686,0.0011494252873563218,0.0009689922480620155,Makanan
186,kulinernengsolo,0.0030181086519114686,0.0011494252873563218,0.0009689922480620155,Makanan
187,pebulutangkis,0.001006036217303823,0.0034482758620689655,0.0009689922480620155,Olahraga
188,indonesia,0.001006036217303823,0.014942528735632184,0.0048449612403100775,Olahraga
189,capai,0.001006036217303823,0.0034482758620689655,0.0009689922480620155,Olahraga
190,final,0.001006036217303823,0.005747126436781609,0.0009689922480620155,Olahraga
191,south,0.001006036217303823,0.0034482758620689655,0.0009689922480620155,Olahraga
192,australia,0.001006036217303823,0.0034482758620689655,0.0009689922480620155,Olahraga
193,ic,0.001006036217303823,0.0034482758620689655,0.0009689922480620155,Olahraga
194,myanmar,0.001006036217303823,0.005747126436781609,0.0009689922480620155,Olahraga
195,is,0.001006036217303823,0.005747126436781609,0.0009689922480620155,Olahraga
196,turnamen,0.001006036217303823,0.0034482758620689655,0.0009689922480620155,Olahraga
197,sri,0.001006036217303823,0.0034482758620689655,0.0009689922480620155,Olahraga
198,fatmawati,0.001006036217303823,0.0034482758620689655,0.0009689922480620155,Olahraga
199,emanuel,0.001006036217303823,0.0034482758620689655,0.0009689922480620155,Olahraga
200,rendhy,0.001006036217303823,0.0034482758620689655,0.0009689922480620155,Olahraga
201,febryto,0.001006036217303823,0.0034482758620689655,0.0009689922480620155,Olahraga
202,ferdian,0.001006036217303823,0.0034482758620689655,0.0009689922480620155,Olahraga
203,mahardika,0.001006036217303823,0.0034482758620689655,0.0009689922480620155,Olahraga
204,ranialdy,0.001006036217303823,0.0034482758620689655,0.0009689922480620155,Olahraga
205,hasil,0.001006036217303823,0.005747126436781609,0.0009689922480620155,Olahraga
206,raih,0.001006036217303823,0.005747126436781609,0.0009689922480620155,Olahraga
207,gelar,0.001006036217303823,0.0034482758620689655,0.0009689922480620155,Olahraga
208,olahraga,0.001006036217303823,0.02413793103448276,0.0009689922480620155,Olahraga
209,target,0.001006036217303823,0.005747126436781609,0.0009689922480620155,Olahraga
210,juara,0.001006036217303823,0.005747126436781609,0.0009689922480620155,Olahraga
211,nomor,0.001006036217303823,0.0034482758620689655,0.0009689922480620155,Olahraga
212,ganda,0.001006036217303823,0.0034482758620689655,0.0009689922480620155,Olahraga
213,combiphartenisopen,0.001006036217303823,0.0034482758620689655,0.0009689922480620155,Olahraga
214,davidagungsusanto,0.001006036217303823,0.0034482758620689655,0.0009689922480620155,Olahraga
215,saksi,0.001006036217303823,0.0034482758620689655,0.0009689922480620155,Olahraga
216,davidboneng,0.001006036217303823,0.0034482758620689655,0.0009689922480620155,Olahraga
217,kapai,0.001006036217303823,0.0034482758620689655,0.0009689922480620155,Olahraga
218,lap,0.001006036217303823,0.0034482758620689655,0.0009689922480620155,Olahraga
219,tenis,0.001006036217303823,0.0034482758620689655,0.0009689922480620155,Olahraga
220,thesultanhotel,0.001006036217303823,0.0034482758620689655,0.0009689922480620155,Olahraga
221,jakarta,0.001006036217303823,0.0034482758620689655,0.0009689922480620155,Olahraga
222,menang,0.001006036217303823,0.005747126436781609,0.0009689922480620155,Olahraga
223,marc,0.001006036217303823,0.0034482758620689655,0.0009689922480620155,Olahraga
224,marquez,0.001006036217303823,0.0034482758620689655,0.0009689922480620155,Olahraga
225,misano,0.001006036217303823,0.0034482758620689655,0.0009689922480620155,Olahraga
226,bawa,0.001006036217303823,0.005747126436781609,0.0009689922480620155,Olahraga
227,posisi,0.001006036217303823,0.005747126436781609,0.0009689922480620155,Olahraga
228,kempat,0.001006036217303823,0.0034482758620689655,0.0009689922480620155,Olahraga
229,grand,0.001006036217303823,0.0034482758620689655,0.0009689922480620155,Olahraga
230,prix,0.001006036217303823,0.0034482758620689655,0.0009689922480620155,Olahraga
231,mengunguli,0.001006036217303823,0.0034482758620689655,0.0009689922480620155,Olahraga
232,legenda,0.001006036217303823,0.0034482758620689655,0.0009689922480620155,Olahraga
233,mike,0.001006036217303823,0.0034482758620689655,0.0009689922480620155,Olahraga
234,hailwod,0.001006036217303823,0.0034482758620689655,0.0009689922480620155,Olahraga
235,mari,0.001006036217303823,0.0034482758620689655,0.0009689922480620155,Olahraga
236,main,0.001006036217303823,0.0034482758620689655,0.0009689922480620155,Olahraga
237,peras,0.001006036217303823,0.0034482758620689655,0.0009689922480620155,Olahraga
238,banga,0.001006036217303823,0.0034482758620689655,0.0009689922480620155,Olahraga
239,habibie,0.001006036217303823,0.0034482758620689655,0.0009689922480620155,Olahraga
240,rapat,0.001006036217303823,0.0034482758620689655,0.0009689922480620155,Olahraga
241,liga,0.001006036217303823,0.005747126436781609,0.0009689922480620155,Olahraga
242,selamat,0.001006036217303823,0.0034482758620689655,0.0009689922480620155,Olahraga
243,anak,0.001006036217303823,0.0034482758620689655,0.0009689922480620155,Olahraga
244,muda,0.001006036217303823,0.005747126436781609,0.0009689922480620155,Olahraga
245,hati,0.001006036217303823,0.005747126436781609,0.0029069767441860465,Olahraga
246,delegasi,0.001006036217303823,0.0034482758620689655,0.0009689922480620155,Olahraga
247,fifa,0.001006036217303823,0.0034482758620689655,0.0009689922480620155,Olahraga
248,laksana,0.001006036217303823,0.0034482758620689655,0.0009689922480620155,Olahraga
249,inspeksi,0.001006036217303823,0.005747126436781609,0.0009689922480620155,Olahraga
250,stadion,0.001006036217303823,0.005747126436781609,0.0009689922480620155,Olahraga
251,acak,0.001006036217303823,0.0034482758620689655,0.0009689922480620155,Olahraga
252,senin,0.001006036217303823,0.0034482758620689655,0.0009689922480620155,Olahraga
253,kesiap,0.001006036217303823,0.0034482758620689655,0.0009689922480620155,Olahraga
254,aju,0.001006036217303823,0.0034482758620689655,0.0009689922480620155,Olahraga
255,tuan,0.001006036217303823,0.0034482758620689655,0.0009689922480620155,Olahraga
256,rumah,0.001006036217303823,0.0034482758620689655,0.0009689922480620155,Olahraga
257,piala,0.001006036217303823,0.008045977011494253,0.0009689922480620155,Olahraga
258,dunia,0.001006036217303823,0.005747126436781609,0.0009689922480620155,Olahraga
259,u,0.001006036217303823,0.01264367816091954,0.0009689922480620155,Olahraga
260,kali,0.001006036217303823,0.0034482758620689655,0.0009689922480620155,Olahraga
261,akun,0.001006036217303823,0.0034482758620689655,0.0009689922480620155,Olahraga
262,twiternya,0.001006036217303823,0.0034482758620689655,0.0009689922480620155,Olahraga
263,luis,0.001006036217303823,0.005747126436781609,0.0009689922480620155,Olahraga
264,mila,0.001006036217303823,0.005747126436781609,0.0009689922480620155,Olahraga
265,dukung,0.001006036217303823,0.0034482758620689655,0.0009689922480620155,Olahraga
266,coach,0.001006036217303823,0.0034482758620689655,0.0009689922480620155,Olahraga
267,bima,0.001006036217303823,0.0034482758620689655,0.0009689922480620155,Olahraga
268,sakti,0.001006036217303823,0.0034482758620689655,0.0009689922480620155,Olahraga
269,garuda,0.001006036217303823,0.005747126436781609,0.0009689922480620155,Olahraga
270,lolos,0.001006036217303823,0.005747126436781609,0.0009689922480620155,Olahraga
271,asia,0.001006036217303823,0.008045977011494253,0.0009689922480620155,Olahraga
272,psi,0.001006036217303823,0.0034482758620689655,0.0009689922480620155,Olahraga
273,udah,0.001006036217303823,0.0034482758620689655,0.0009689922480620155,Olahraga
274,kodein,0.001006036217303823,0.0034482758620689655,0.0009689922480620155,Olahraga
275,aja,0.001006036217303823,0.0034482758620689655,0.0009689922480620155,Olahraga
276,mikirin,0.001006036217303823,0.0034482758620689655,0.0009689922480620155,Olahraga
277,kantong,0.001006036217303823,0.0034482758620689655,0.0009689922480620155,Olahraga
278,kiper,0.001006036217303823,0.0034482758620689655,0.0009689922480620155,Olahraga
279,baik,0.001006036217303823,0.0034482758620689655,0.0009689922480620155,Olahraga
280,versi,0.001006036217303823,0.0034482758620689655,0.0009689922480620155,Olahraga
281,ente,0.001006036217303823,0.0034482758620689655,0.0009689922480620155,Olahraga
282,klasemen,0.001006036217303823,0.008045977011494253,0.0009689922480620155,Olahraga
283,grup,0.001006036217303823,0.008045977011494253,0.0009689922480620155,Olahraga
284,g,0.001006036217303823,0.0034482758620689655,0.0009689922480620155,Olahraga
285,afc,0.001006036217303823,0.0034482758620689655,0.0009689922480620155,Olahraga
286,championship,0.001006036217303823,0.0034482758620689655,0.0009689922480620155,Olahraga
287,qualifiers,0.001006036217303823,0.0034482758620689655,0.0009689922480620155,Olahraga
288,timnas,0.001006036217303823,0.005747126436781609,0.0009689922480620155,Olahraga
289,runer,0.001006036217303823,0.0034482758620689655,0.0009689922480620155,Olahraga
290,up,0.001006036217303823,0.0034482758620689655,0.0009689922480620155,Olahraga
291,mesti,0.001006036217303823,0.0034482758620689655,0.0009689922480620155,Olahraga
292,angka,0.001006036217303823,0.0034482758620689655,0.0009689922480620155,Olahraga
293,masuk,0.001006036217303823,0.0034482758620689655,0.0009689922480620155,Olahraga
294,putar,0.001006036217303823,0.0034482758620689655,0.0009689922480620155,Olahraga
295,jaga,0.001006036217303823,0.0034482758620689655,0.0009689922480620155,Olahraga
296,semangat,0.001006036217303823,0.005747126436781609,0.0009689922480620155,Olahraga
297,sumber,0.001006036217303823,0.0034482758620689655,0.0009689922480620155,Olahraga
298,ayogoal,0.001006036217303823,0.0034482758620689655,0.0009689922480620155,Olahraga
299,id,0.001006036217303823,0.0034482758620689655,0.0009689922480620155,Olahraga
300,semangatmenolakmenyerah,0.001006036217303823,0.0034482758620689655,0.0009689922480620155,Olahraga
301,faktaliga,0.001006036217303823,0.0034482758620689655,0.0009689922480620155,Olahraga
302,timnasu,0.001006036217303823,0.0034482758620689655,0.0009689922480620155,Olahraga
303,timnasgaruda,0.001006036217303823,0.0034482758620689655,0.0009689922480620155,Olahraga
304,garudasia,0.001006036217303823,0.0034482758620689655,0.0009689922480620155,Olahraga
305,ultrasgaruda,0.001006036217303823,0.0034482758620689655,0.0009689922480620155,Olahraga
306,pialasiau,0.001006036217303823,0.0034482758620689655,0.0009689922480620155,Olahraga
307,afcu,0.001006036217303823,0.0034482758620689655,0.0009689922480620155,Olahraga
308,result,0.001006036217303823,0.0034482758620689655,0.0009689922480620155,Olahraga
309,r,0.001006036217303823,0.0034482758620689655,0.0009689922480620155,Olahraga
310,victor,0.001006036217303823,0.0034482758620689655,0.0009689922480620155,Olahraga
311,china,0.001006036217303823,0.0034482758620689655,0.0009689922480620155,Olahraga
312,open,0.001006036217303823,0.0034482758620689655,0.0009689922480620155,Olahraga
313,kalah,0.001006036217303823,0.0034482758620689655,0.0009689922480620155,Olahraga
314,wakil,0.001006036217303823,0.0034482758620689655,0.0009689922480620155,Olahraga
315,hongkong,0.001006036217303823,0.0034482758620689655,0.0009689922480620155,Olahraga
316,tomy,0.001006036217303823,0.0034482758620689655,0.0009689922480620155,Olahraga
317,laju,0.001006036217303823,0.0034482758620689655,0.0009689922480620155,Olahraga
318,babak,0.001006036217303823,0.0034482758620689655,0.0009689922480620155,Olahraga
319,jorji,0.001006036217303823,0.0034482758620689655,0.0009689922480620155,Olahraga
320,henti,0.001006036217303823,0.0034482758620689655,0.0009689922480620155,Olahraga
321,foto,0.001006036217303823,0.0034482758620689655,0.0009689922480620155,Olahraga
322,pbsi,0.001006036217303823,0.0034482758620689655,0.0009689922480620155,Olahraga
323,keluargaciumbrela,0.001006036217303823,0.0034482758620689655,0.0009689922480620155,Olahraga
324,berplesir,0.001006036217303823,0.0011494252873563218,0.0029069767441860465,Perjalanan
325,bengkulu,0.001006036217303823,0.0011494252873563218,0.006782945736434108,Perjalanan
326,sobat,0.001006036217303823,0.0011494252873563218,0.00872093023255814,Perjalanan
327,pesona,0.001006036217303823,0.0011494252873563218,0.01065891472868217,Perjalanan
328,wajib,0.001006036217303823,0.0011494252873563218,0.0029069767441860465,Perjalanan
329,kepahiang,0.001006036217303823,0.0011494252873563218,0.0029069767441860465,Perjalanan
330,hampar,0.001006036217303823,0.0011494252873563218,0.0029069767441860465,Perjalanan
331,kebun,0.001006036217303823,0.0011494252873563218,0.0029069767441860465,Perjalanan
332,teh,0.001006036217303823,0.0011494252873563218,0.0029069767441860465,Perjalanan
333,manja,0.001006036217303823,0.0011494252873563218,0.0029069767441860465,Perjalanan
334,mata,0.001006036217303823,0.0011494252873563218,0.0029069767441860465,Perjalanan
335,air,0.001006036217303823,0.0011494252873563218,0.01065891472868217,Perjalanan
336,terjun,0.001006036217303823,0.0011494252873563218,0.00872093023255814,Perjalanan
337,sengkuang,0.001006036217303823,0.0011494252873563218,0.0048449612403100775,Perjalanan
338,sembunyi,0.001006036217303823,0.0011494252873563218,0.0029069767441860465,Perjalanan
339,rapi,0.001006036217303823,0.0011494252873563218,0.0029069767441860465,Perjalanan
340,alami,0.001006036217303823,0.0011494252873563218,0.0029069767441860465,Perjalanan
341,coba,0.001006036217303823,0.0011494252873563218,0.0048449612403100775,Perjalanan
342,mampir,0.001006036217303823,0.0011494252873563218,0.0029069767441860465,Perjalanan
343,kota,0.001006036217303823,0.0011494252873563218,0.01065891472868217,Perjalanan
344,makasar,0.001006036217303823,0.0011494252873563218,0.01065891472868217,Perjalanan
345,identik,0.001006036217303823,0.0011494252873563218,0.0029069767441860465,Perjalanan
346,pantai,0.001006036217303823,0.0011494252873563218,0.006782945736434108,Perjalanan
347,losari,0.001006036217303823,0.0011494252873563218,0.0048449612403100775,Perjalanan
348,ramai,0.001006036217303823,0.0011494252873563218,0.0048449612403100775,Perjalanan
349,kunjung,0.001006036217303823,0.0011494252873563218,0.00872093023255814,Perjalanan
350,wisatawan,0.001006036217303823,0.0011494252873563218,0.0029069767441860465,Perjalanan
351,suka,0.001006036217303823,0.0011494252873563218,0.0029069767441860465,Perjalanan
352,suasana,0.001006036217303823,0.0011494252873563218,0.0029069767441860465,Perjalanan
353,nyepi,0.001006036217303823,0.0011494252873563218,0.0029069767441860465,Perjalanan
354,sebentar,0.001006036217303823,0.0011494252873563218,0.0029069767441860465,Perjalanan
355,cobain,0.001006036217303823,0.0011494252873563218,0.0029069767441860465,Perjalanan
356,alternatif,0.001006036217303823,0.0011494252873563218,0.0029069767441860465,Perjalanan
357,wisata,0.001006036217303823,0.0011494252873563218,0.016472868217054265,Perjalanan
358,bahari,0.001006036217303823,0.0011494252873563218,0.0048449612403100775,Perjalanan
359,akarena,0.001006036217303823,0.0011494252873563218,0.0029069767441860465,Perjalanan
360,lokasi,0.001006036217303823,0.0011494252873563218,0.0029069767441860465,Perjalanan
361,daerah,0.001006036217303823,0.0011494252873563218,0.0029069767441860465,Perjalanan
362,tanjung,0.001006036217303823,0.0011494252873563218,0.0029069767441860465,Perjalanan
363,bunga,0.001006036217303823,0.0011494252873563218,0.0048449612403100775,Perjalanan
364,terbang,0.001006036217303823,0.0011494252873563218,0.0029069767441860465,Perjalanan
365,surga,0.001006036217303823,0.0011494252873563218,0.0029069767441860465,Perjalanan
366,pariwisata,0.001006036217303823,0.0011494252873563218,0.0029069767441860465,Perjalanan
367,tidur,0.001006036217303823,0.0011494252873563218,0.0048449612403100775,Perjalanan
368,malam,0.001006036217303823,0.0011494252873563218,0.006782945736434108,Perjalanan
369,opsi,0.001006036217303823,0.0011494252873563218,0.0029069767441860465,Perjalanan
370,pilih,0.001006036217303823,0.0011494252873563218,0.0029069767441860465,Perjalanan
371,libur,0.001006036217303823,0.0011494252873563218,0.006782945736434108,Perjalanan
372,yogyakarta,0.001006036217303823,0.0011494252873563218,0.0029069767441860465,Perjalanan
373,objek,0.001006036217303823,0.0011494252873563218,0.0048449612403100775,Perjalanan
374,salah,0.001006036217303823,0.0011494252873563218,0.006782945736434108,Perjalanan
375,satu,0.001006036217303823,0.0011494252873563218,0.0029069767441860465,Perjalanan
376,tugu,0.001006036217303823,0.0011494252873563218,0.0029069767441860465,Perjalanan
377,jogja,0.001006036217303823,0.0011494252873563218,0.0029069767441860465,Perjalanan
378,pesonawisatayogyakarta,0.001006036217303823,0.0011494252873563218,0.0029069767441860465,Perjalanan
379,nama,0.001006036217303823,0.0011494252873563218,0.0029069767441860465,Perjalanan
380,lawang,0.001006036217303823,0.0011494252873563218,0.0029069767441860465,Perjalanan
381,sewu,0.001006036217303823,0.0011494252873563218,0.0029069767441860465,Perjalanan
382,asing,0.001006036217303823,0.0011494252873563218,0.0029069767441860465,Perjalanan
383,telinga,0.001006036217303823,0.0011494252873563218,0.0029069767441860465,Perjalanan
384,dengar,0.001006036217303823,0.0011494252873563218,0.0029069767441860465,Perjalanan
385,langsung,0.001006036217303823,0.0011494252873563218,0.0029069767441860465,Perjalanan
386,betapa,0.001006036217303823,0.0011494252873563218,0.0029069767441860465,Perjalanan
387,megah,0.001006036217303823,0.0011494252873563218,0.0029069767441860465,Perjalanan
388,bangun,0.001006036217303823,0.0011494252873563218,0.0029069767441860465,Perjalanan
389,mistis,0.001006036217303823,0.0011494252873563218,0.0029069767441860465,Perjalanan
390,balik,0.001006036217303823,0.0011494252873563218,0.0029069767441860465,Perjalanan
391,yuk,0.001006036217303823,0.0011494252873563218,0.006782945736434108,Perjalanan
392,sejarah,0.001006036217303823,0.0011494252873563218,0.0048449612403100775,Perjalanan
393,lumpia,0.001006036217303823,0.0011494252873563218,0.0029069767441860465,Perjalanan
394,nias,0.001006036217303823,0.0011494252873563218,0.006782945736434108,Perjalanan
395,sumatera,0.001006036217303823,0.0011494252873563218,0.0029069767441860465,Perjalanan
396,utara,0.001006036217303823,0.0011494252873563218,0.0029069767441860465,Perjalanan
397,budaya,0.001006036217303823,0.0011494252873563218,0.0048449612403100775,Perjalanan
398,mikat,0.001006036217303823,0.0011494252873563218,0.0029069767441860465,Perjalanan
399,simpan,0.001006036217303823,0.0011494252873563218,0.0048449612403100775,Perjalanan
400,indah,0.001006036217303823,0.0011494252873563218,0.00872093023255814,Perjalanan
401,alam,0.001006036217303823,0.0011494252873563218,0.0048449612403100775,Perjalanan
402,takjub,0.001006036217303823,0.0011494252873563218,0.0029069767441860465,Perjalanan
403,destinasi,0.001006036217303823,0.0011494252873563218,0.0048449612403100775,Perjalanan
404,barat,0.001006036217303823,0.0011494252873563218,0.0048449612403100775,Perjalanan
405,pulau,0.001006036217303823,0.0011494252873563218,0.0029069767441860465,Perjalanan
406,asu,0.001006036217303823,0.0011494252873563218,0.0029069767441860465,Perjalanan
407,rencana,0.001006036217303823,0.0011494252873563218,0.0048449612403100775,Perjalanan
408,tanah,0.001006036217303823,0.0011494252873563218,0.0048449612403100775,Perjalanan
409,ahli,0.001006036217303823,0.0011494252873563218,0.0048449612403100775,Perjalanan
410,perahu,0.001006036217303823,0.0011494252873563218,0.006782945736434108,Perjalanan
411,bulukumba,0.001006036217303823,0.0011494252873563218,0.0029069767441860465,Perjalanan
412,km,0.001006036217303823,0.0011494252873563218,0.0029069767441860465,Perjalanan
413,kaya,0.001006036217303823,0.0011494252873563218,0.0029069767441860465,Perjalanan
414,potensi,0.001006036217303823,0.0011494252873563218,0.0029069767441860465,Perjalanan
415,agro,0.001006036217303823,0.0011494252873563218,0.0029069767441860465,Perjalanan
416,religi,0.001006036217303823,0.0011494252873563218,0.0029069767441860465,Perjalanan
417,saji,0.001006036217303823,0.0011494252873563218,0.0029069767441860465,Perjalanan
418,lengkap,0.001006036217303823,0.0011494252873563218,0.0029069767441860465,Perjalanan
419,kabupaten,0.001006036217303823,0.0011494252873563218,0.0029069767441860465,Perjalanan
420,kenal,0.001006036217303823,0.0011494252873563218,0.0029069767441860465,Perjalanan
421,pinisi,0.001006036217303823,0.0011494252873563218,0.0029069767441860465,Perjalanan
422,hinga,0.001006036217303823,0.0011494252873563218,0.0029069767441860465,Perjalanan
423,juluk,0.001006036217303823,0.0011494252873563218,0.0029069767441860465,Perjalanan
424,buta,0.001006036217303823,0.0011494252873563218,0.0029069767441860465,Perjalanan
425,panrita,0.001006036217303823,0.0011494252873563218,0.0029069767441860465,Perjalanan
426,lop,0.001006036217303823,0.0011494252873563218,0.0029069767441860465,Perjalanan
427,mojokerto,0.001006036217303823,0.0011494252873563218,0.0029069767441860465,Perjalanan
428,khawatir,0.001006036217303823,0.0011494252873563218,0.0029069767441860465,Perjalanan
429,keindahanya,0.001006036217303823,0.0011494252873563218,0.0029069767441860465,Perjalanan
430,surabaya,0.001006036217303823,0.0011494252873563218,0.0029069767441860465,Perjalanan
431,malang,0.001006036217303823,0.0011494252873563218,0.0029069767441860465,Perjalanan
432,tawan,0.001006036217303823,0.0011494252873563218,0.0029069767441860465,Perjalanan
433,patung,0.001006036217303823,0.0011494252873563218,0.0029069767441860465,Perjalanan
434,budha,0.001006036217303823,0.0011494252873563218,0.0029069767441860465,Perjalanan
435,serasa,0.001006036217303823,0.0011494252873563218,0.0029069767441860465,Perjalanan
436,thailand,0.001006036217303823,0.0011494252873563218,0.0029069767441860465,Perjalanan
437,lho,0.001006036217303823,0.0011494252873563218,0.0048449612403100775,Perjalanan
438,penasaran,0.001006036217303823,0.0011494252873563218,0.0029069767441860465,Perjalanan
439,kecil,0.001006036217303823,0.0011494252873563218,0.0029069767441860465,Perjalanan
440,tau,0.001006036217303823,0.0011494252873563218,0.0029069767441860465,Perjalanan
441,gunung,0.001006036217303823,0.0011494252873563218,0.006782945736434108,Perjalanan
442,shirouma,0.001006036217303823,0.0011494252873563218,0.0048449612403100775,Perjalanan
443,letak,0.001006036217303823,0.0011494252873563218,0.0048449612403100775,Perjalanan
444,prefektur,0.001006036217303823,0.0011494252873563218,0.0029069767441860465,Perjalanan
445,nagano,0.001006036217303823,0.0011494252873563218,0.0029069767441860465,Perjalanan
446,toyama,0.001006036217303823,0.0011494252873563218,0.0029069767441860465,Perjalanan
447,tawar,0.001006036217303823,0.0011494252873563218,0.0029069767441860465,Perjalanan
448,sunguh,0.001006036217303823,0.0011494252873563218,0.0029069767441860465,Perjalanan
449,pukau,0.001006036217303823,0.0011494252873563218,0.0029069767441860465,Perjalanan
450,tingi,0.001006036217303823,0.0011494252873563218,0.0029069767441860465,Perjalanan
451,meter,0.001006036217303823,0.0011494252873563218,0.0029069767441860465,Perjalanan
452,mu,0.001006036217303823,0.0011494252873563218,0.0029069767441860465,Perjalanan
453,laut,0.001006036217303823,0.0011494252873563218,0.0029069767441860465,Perjalanan
454,milik,0.001006036217303823,0.0011494252873563218,0.0029069767441860465,Perjalanan
455,salju,0.001006036217303823,0.0011494252873563218,0.0029069767441860465,Perjalanan
456,turun,0.001006036217303823,0.0011494252873563218,0.0029069767441860465,Perjalanan
457,panas,0.001006036217303823,0.0011494252873563218,0.0048449612403100775,Perjalanan
458,terima,0.001006036217303823,0.0011494252873563218,0.0029069767441860465,Perjalanan
459,kapolri,0.001006036217303823,0.0011494252873563218,0.0029069767441860465,Perjalanan
460,pekanbaru,0.001006036217303823,0.0011494252873563218,0.0048449612403100775,Perjalanan
461,moga,0.001006036217303823,0.0011494252873563218,0.0029069767441860465,Perjalanan
462,asap,0.001006036217303823,0.0011494252873563218,0.0048449612403100775,Perjalanan
463,sebab,0.001006036217303823,0.0011494252873563218,0.0029069767441860465,Perjalanan
464,polisi,0.001006036217303823,0.0011494252873563218,0.0029069767441860465,Perjalanan
465,republik,0.001006036217303823,0.0011494252873563218,0.0029069767441860465,Perjalanan
466,registration,0.001006036217303823,0.0011494252873563218,0.0029069767441860465,Perjalanan
467,p,0.001006036217303823,0.0011494252873563218,0.0048449612403100775,Perjalanan
468,type,0.001006036217303823,0.0011494252873563218,0.0029069767441860465,Perjalanan
469,bechjet,0.001006036217303823,0.0011494252873563218,0.0029069767441860465,Perjalanan
470,xp,0.001006036217303823,0.0011494252873563218,0.0029069767441860465,Perjalanan
471,bandara,0.001006036217303823,0.0011494252873563218,0.0029069767441860465,Perjalanan
472,sultan,0.001006036217303823,0.0011494252873563218,0.0029069767441860465,Perjalanan
473,syarif,0.001006036217303823,0.0011494252873563218,0.0029069767441860465,Perjalanan
474,kasim,0.001006036217303823,0.0011494252873563218,0.0029069767441860465,Perjalanan
475,i,0.001006036217303823,0.0011494252873563218,0.0029069767441860465,Perjalanan
476,ib,0.001006036217303823,0.0011494252873563218,0.0029069767441860465,Perjalanan
477,pergi,0.001006036217303823,0.0011494252873563218,0.0029069767441860465,Perjalanan
478,lintas,0.001006036217303823,0.0011494252873563218,0.0029069767441860465,Perjalanan
479,lubuk,0.001006036217303823,0.0011494252873563218,0.0029069767441860465,Perjalanan
480,lingau,0.001006036217303823,0.0011494252873563218,0.0029069767441860465,Perjalanan
481,melipir,0.001006036217303823,0.0011494252873563218,0.0029069767441860465,Perjalanan
482,suban,0.001006036217303823,0.0011494252873563218,0.006782945736434108,Perjalanan
483,kawasan,0.001006036217303823,0.0011494252873563218,0.0048449612403100775,Perjalanan
484,spot,0.001006036217303823,0.0011494252873563218,0.0029069767441860465,Perjalanan
485,udara,0.001006036217303823,0.0011494252873563218,0.0029069767441860465,Perjalanan
486,pesonawisatabengkulu,0.001006036217303823,0.0011494252873563218,0.0029069767441860465,Perjalanan
487,pesonaindonesia,0.001006036217303823,0.0011494252873563218,0.0029069767441860465,Perjalanan
488,wonderfulindonesia,0.001006036217303823,0.0011494252873563218,0.0029069767441860465,Perjalanan
489,airterjunsuban,0.001006036217303823,0.0011494252873563218,0.0029069767441860465,Perjalanan
